Year,Month,Date,Tm,Pm,TmA,PmA,P
1947,1,1947/1/01,-1.1,56,-0.245,-93.574,0
1947,2,1947/2/01,-0.4,147,0.6,10.76,1
1947,3,1947/3/01,2.9,130,2.097,-12.317,0
1947,4,1947/4/01,7.7,28,4.71,-100.37,0
1947,5,1947/5/01,8.3,122,1.36,-6.547,0
1947,6,1947/6/01,15.5,41,3.843,-34.753,0
1947,7,1947/7/01,18.1,34,1.967,9.557,1
1947,8,1947/8/01,15.7,39,0.093,9.45,1
1947,9,1947/9/01,11.4,94,-0.373,2.34,1
1947,10,1947/10/01,8.1,115,1.413,-39.433,0
1947,11,1947/11/01,7.6,49,5.337,-131.217,0
1947,12,1947/12/01,-0.6,35,-0.103,-118.64,0
1948,1,1948/1/01,0.5,139,1.355,-10.574,0
1948,2,1948/2/01,3.8,80,4.8,-56.24,0
1948,3,1948/3/01,5.4,101,4.597,-41.317,0
1948,4,1948/4/01,3.7,267,0.71,138.63,1
1948,5,1948/5/01,5.6,189,-1.34,60.453,1
1948,6,1948/6/01,13.2,24,1.543,-51.753,0
1948,7,1948/7/01,16.6,10,0.467,-14.443,0
1948,8,1948/8/01,16.3,16,0.693,-13.55,0
1948,9,1948/9/01,14.2,52,2.427,-39.66,0
1948,10,1948/10/01,7.5,109,0.813,-45.433,0
1948,11,1948/11/01,7.9,0,5.637,-180.217,0
1948,12,1948/12/01,0.7,75,1.197,-78.64,0
1949,1,1949/1/01,-1.6,72,-0.745,-77.574,0
1949,2,1949/2/01,3.9,15,4.9,-121.24,0
1949,3,1949/3/01,-0.1,103,-0.903,-39.317,0
1949,4,1949/4/01,8.8,71,5.81,-57.37,0
1949,5,1949/5/01,5.3,110,-1.64,-18.547,0
1949,6,1949/6/01,12.4,85,0.743,9.247,1
1949,7,1949/7/01,17.6,43,1.467,18.557,1
1949,8,1949/8/01,17.9,27,2.293,-2.55,0
1949,9,1949/9/01,11.1,191,-0.673,99.34,1
1949,10,1949/10/01,8.1,41,1.413,-113.433,0
1949,11,1949/11/01,2.1,234,-0.163,53.783,1
1949,12,1949/12/01,0.2,96,0.697,-57.64,0
1950,1,1950/1/01,-0.6,45,0.255,-104.574,0
1950,2,1950/2/01,0.6,70,1.6,-66.24,0
1950,3,1950/3/01,2.6,64,1.797,-78.317,0
1950,4,1950/4/01,3.7,91,0.71,-37.37,0
1950,5,1950/5/01,6.2,134,-0.74,5.453,1
1950,6,1950/6/01,13.1,14.4,1.443,-61.353,0
1950,7,1950/7/01,17.7,27,1.567,2.557,1
1950,8,1950/8/01,15.3,31.6,-0.307,2.05,1
1950,9,1950/9/01,12.5,27.3,0.727,-64.36,0
1950,10,1950/10/01,7.6,98.9,0.913,-55.533,0
1950,11,1950/11/01,4.4,112.5,2.137,-67.717,0
1950,12,1950/12/01,-2.7,173.8,-2.203,20.16,1
1951,1,1951/1/01,-1.5,191.1,-0.645,41.526,1
1951,2,1951/2/01,-3.9,119.7,-2.9,-16.54,0
1951,3,1951/3/01,0.2,119.9,-0.603,-22.417,0
1951,4,1951/4/01,3.5,218.7,0.51,90.33,1
1951,5,1951/5/01,2.9,185.1,-4.04,56.553,1
1951,6,1951/6/01,12.3,34.4,0.643,-41.353,0
1951,7,1951/7/01,16.3,34.4,0.167,9.957,1
1951,8,1951/8/01,14.3,50.8,-1.307,21.25,1
1951,9,1951/9/01,12.4,105.1,0.627,13.44,1
1951,10,1951/10/01,4.4,160.1,-2.287,5.667,1
1951,11,1951/11/01,1.9,291.8,-0.363,111.583,1
1951,12,1951/12/01,0.8,256.2,1.297,102.56,1
1952,1,1952/1/01,-3.5,156.3,-2.645,6.726,1
1952,2,1952/2/01,-1.9,47.2,-0.9,-89.04,0
1952,3,1952/3/01,4.3,380,3.497,237.683,1
1952,4,1952/4/01,3,231.5,0.01,103.13,1
1952,5,1952/5/01,7,110.5,0.06,-18.047,0
1952,6,1952/6/01,13.2,16.7,1.543,-59.053,0
1952,7,1952/7/01,15.5,99.3,-0.633,74.857,1
1952,8,1952/8/01,14.2,80,-1.407,50.45,1
1952,9,1952/9/01,9.3,45.8,-2.473,-45.86,0
1952,10,1952/10/01,7.4,98.9,0.713,-55.533,0
1952,11,1952/11/01,2.5,66.1,0.237,-114.117,0
1952,12,1952/12/01,0,154.2,0.497,0.56,1
1953,1,1953/1/01,-1.3,55.1,-0.445,-94.474,0
1953,2,1953/2/01,-1.2,86,-0.2,-50.24,0
1953,3,1953/3/01,1.4,82.4,0.597,-59.917,0
1953,4,1953/4/01,3.3,246.7,0.31,118.33,1
1953,5,1953/5/01,10.2,37.8,3.26,-90.747,0
1953,6,1953/6/01,10,156.4,-1.657,80.647,1
1953,7,1953/7/01,16.5,31.8,0.367,7.357,1
1953,8,1953/8/01,18,3.7,2.393,-25.85,0
1953,9,1953/9/01,12.2,55.8,0.427,-35.86,0
1953,10,1953/10/01,6.2,230.4,-0.487,75.967,1
1953,11,1953/11/01,4.4,86.6,2.137,-93.617,0
1953,12,1953/12/01,0.5,248.2,0.997,94.56,1
1954,1,1954/1/01,-3.2,116.5,-2.345,-33.074,0
1954,2,1954/2/01,-2.7,182.6,-1.7,46.36,1
1954,3,1954/3/01,0.1,164.7,-0.703,22.383,1
1954,4,1954/4/01,2.2,56,-0.79,-72.37,0
1954,5,1954/5/01,7.6,150.5,0.66,21.953,1
1954,6,1954/6/01,12.1,52.8,0.443,-22.953,0
1954,7,1954/7/01,17.4,8.8,1.267,-15.643,0
1954,8,1954/8/01,14.8,20.6,-0.807,-8.95,0
1954,9,1954/9/01,14.1,31.7,2.327,-59.96,0
1954,10,1954/10/01,9.9,68.8,3.213,-85.633,0
1954,11,1954/11/01,4.2,312.2,1.937,131.983,1
1954,12,1954/12/01,1,31.7,1.497,-121.94,0
1955,1,1955/1/01,0.5,296.8,1.355,147.226,1
1955,2,1955/2/01,-1.5,219.8,-0.5,83.56,1
1955,3,1955/3/01,-0.6,68.4,-1.403,-73.917,0
1955,4,1955/4/01,7.1,77,4.11,-51.37,0
1955,5,1955/5/01,10,63,3.06,-65.547,0
1955,6,1955/6/01,12,107.7,0.343,31.947,1
1955,7,1955/7/01,16.7,13,0.567,-11.443,0
1955,8,1955/8/01,16.9,27.9,1.293,-1.65,0
1955,9,1955/9/01,12.2,18.8,0.427,-72.86,0
1955,10,1955/10/01,7.1,160.1,0.413,5.667,1
1955,11,1955/11/01,2.4,185.7,0.137,5.483,1
1955,12,1955/12/01,2.2,189.5,2.697,35.86,1
1956,1,1956/1/01,-1.6,190.2,-0.745,40.626,1
1956,2,1956/2/01,-7.7,205,-6.7,68.76,1
1956,3,1956/3/01,2,146.6,1.197,4.283,1
1956,4,1956/4/01,1.3,92,-1.69,-36.37,0
1956,5,1956/5/01,6.6,49.4,-0.34,-79.147,0
1956,6,1956/6/01,11,41,-0.657,-34.753,0
1956,7,1956/7/01,14.2,9.8,-1.933,-14.643,0
1956,8,1956/8/01,14.3,14.8,-1.307,-14.75,0
1956,9,1956/9/01,10.7,138.6,-1.073,46.94,1
1956,10,1956/10/01,6.9,61.2,0.213,-93.233,0
1956,11,1956/11/01,-0.9,57.7,-3.163,-122.517,0
1956,12,1956/12/01,1,64.7,1.497,-88.94,0
1957,1,1957/1/01,-1,46.8,-0.145,-102.774,0
1957,2,1957/2/01,1,83.7,2,-52.54,0
1957,3,1957/3/01,4.8,96.8,3.997,-45.517,0
1957,4,1957/4/01,2,109.2,-0.99,-19.17,0
1957,5,1957/5/01,5.8,140.7,-1.14,12.153,1
1957,6,1957/6/01,9.7,128.8,-1.957,53.047,1
1957,7,1957/7/01,15.4,0,-0.733,-24.443,0
1957,8,1957/8/01,16.9,19.2,1.293,-10.35,0
1957,9,1957/9/01,13.2,68.7,1.427,-22.96,0
1957,10,1957/10/01,7.3,182.8,0.613,28.367,1
1957,11,1957/11/01,1.7,77.4,-0.563,-102.817,0
1957,12,1957/12/01,-1.5,51,-1.003,-102.64,0
1958,1,1958/1/01,-1.5,86,-0.645,-63.574,0
1958,2,1958/2/01,1,116.6,2,-19.64,0
1958,3,1958/3/01,-0.5,229.9,-1.303,87.583,1
1958,4,1958/4/01,1.5,96.4,-1.49,-31.97,0
1958,5,1958/5/01,8.6,46.3,1.66,-82.247,0
1958,6,1958/6/01,9.6,138.3,-2.057,62.547,1
1958,7,1958/7/01,14.7,22,-1.433,-2.443,0
1958,8,1958/8/01,15,24,-0.607,-5.55,0
1958,9,1958/9/01,14.3,57.6,2.527,-34.06,0
1958,10,1958/10/01,6.1,79.9,-0.587,-74.533,0
1958,11,1958/11/01,1.2,41.1,-1.063,-139.117,0
1958,12,1958/12/01,-0.1,456.3,0.397,302.66,1
1959,1,1959/1/01,1.3,146,2.155,-3.574,0
1959,2,1959/2/01,0.1,32.8,1.1,-103.44,0
1959,3,1959/3/01,0.7,173.2,-0.103,30.883,1
1959,4,1959/4/01,2.4,100,-0.59,-28.37,0
1959,5,1959/5/01,6.1,173.5,-0.84,44.953,1
1959,6,1959/6/01,11.9,40.2,0.243,-35.553,0
1959,7,1959/7/01,17.4,32.2,1.267,7.757,1
1959,8,1959/8/01,14.8,104.2,-0.807,74.65,1
1959,9,1959/9/01,9.6,161.3,-2.173,69.64,1
1959,10,1959/10/01,5.6,176.1,-1.087,21.667,1
1959,11,1959/11/01,1.4,186.5,-0.863,6.283,1
1959,12,1959/12/01,-1.2,189,-0.703,35.36,1
1960,1,1960/1/01,-0.5,128.8,0.355,-20.774,0
1960,2,1960/2/01,-0.8,223.4,0.2,87.16,1
1960,3,1960/3/01,1.4,88.3,0.597,-54.017,0
1960,4,1960/4/01,4,23.4,1.01,-104.97,0
1960,5,1960/5/01,8.1,152.6,1.16,24.053,1
1960,6,1960/6/01,13.6,47.9,1.943,-27.853,0
1960,7,1960/7/01,14.9,7.9,-1.233,-16.543,0
1960,8,1960/8/01,14.3,10.3,-1.307,-19.25,0
1960,9,1960/9/01,11.6,89.5,-0.173,-2.16,0
1960,10,1960/10/01,2.7,491.5,-3.987,337.067,1
1960,11,1960/11/01,2.2,171.6,-0.063,-8.617,0
1960,12,1960/12/01,-3.6,111.7,-3.103,-41.94,0
1961,1,1961/1/01,-2.5,85.5,-1.645,-64.074,0
1961,2,1961/2/01,3.9,21.6,4.9,-114.64,0
1961,3,1961/3/01,6.2,35.8,5.397,-106.517,0
1961,4,1961/4/01,4.1,186.9,1.11,58.53,1
1961,5,1961/5/01,9.4,136.1,2.46,7.553,1
1961,6,1961/6/01,11.9,82.1,0.243,6.347,1
1961,7,1961/7/01,15.5,23.7,-0.633,-0.743,0
1961,8,1961/8/01,17.1,15.1,1.493,-14.45,0
1961,9,1961/9/01,13.4,227.7,1.627,136.04,1
1961,10,1961/10/01,5,153,-1.687,-1.433,0
1961,11,1961/11/01,0.6,390.1,-1.663,209.883,1
1961,12,1961/12/01,2.7,138.3,3.197,-15.34,0
1962,1,1962/1/01,-0.3,138.4,0.555,-11.174,0
1962,2,1962/2/01,-1,37.7,0,-98.54,0
1962,3,1962/3/01,-0.6,286.3,-1.403,143.983,1
1962,4,1962/4/01,2.8,267.8,-0.19,139.43,1
1962,5,1962/5/01,6.9,76.1,-0.04,-52.447,0
1962,6,1962/6/01,12.4,52.2,0.743,-23.553,0
1962,7,1962/7/01,16.2,0,0.067,-24.443,0
1962,8,1962/8/01,18.3,2.4,2.693,-27.15,0
1962,9,1962/9/01,13.8,84,2.027,-7.66,0
1962,10,1962/10/01,8.2,176.9,1.513,22.467,1
1962,11,1962/11/01,-1.4,108.8,-3.663,-71.417,0
1962,12,1962/12/01,-1.3,221.1,-0.803,67.46,1
1963,1,1963/1/01,-2.8,263.4,-1.945,113.826,1
1963,2,1963/2/01,-4.7,193.8,-3.7,57.56,1
1963,3,1963/3/01,-0.7,97.1,-1.503,-45.217,0
1963,4,1963/4/01,2.2,158.7,-0.79,30.33,1
1963,5,1963/5/01,7.2,28.3,0.26,-100.247,0
1963,6,1963/6/01,10.7,110.7,-0.957,34.947,1
1963,7,1963/7/01,15.6,31.3,-0.533,6.857,1
1963,8,1963/8/01,14.3,8,-1.307,-21.55,0
1963,9,1963/9/01,9.9,125.8,-1.873,34.14,1
1963,10,1963/10/01,9.6,65,2.913,-89.433,0
1963,11,1963/11/01,2,411.8,-0.263,231.583,1
1963,12,1963/12/01,-2.9,209.8,-2.403,56.16,1
1964,1,1964/1/01,-1,14.7,-0.145,-134.874,0
1964,2,1964/2/01,-0.1,216.5,0.9,80.26,1
1964,3,1964/3/01,-1.4,223.7,-2.203,81.383,1
1964,4,1964/4/01,2.7,93.6,-0.29,-34.77,0
1964,5,1964/5/01,11.4,80.5,4.46,-48.047,0
1964,6,1964/6/01,11.1,163.5,-0.557,87.747,1
1964,7,1964/7/01,16.2,10.5,0.067,-13.943,0
1964,8,1964/8/01,16.1,1.4,0.493,-28.15,0
1964,9,1964/9/01,15,87.7,3.227,-3.96,0
1964,10,1964/10/01,4.6,98.3,-2.087,-56.133,0
1964,11,1964/11/01,4.7,35.1,2.437,-145.117,0
1964,12,1964/12/01,-2.3,197.9,-1.803,44.26,1
1965,1,1965/1/01,-2.3,265.6,-1.445,116.026,1
1965,2,1965/2/01,-3.5,113.2,-2.5,-23.04,0
1965,3,1965/3/01,0.1,243.2,-0.703,100.883,1
1965,4,1965/4/01,2.2,18.9,-0.79,-109.47,0
1965,5,1965/5/01,9.6,50.2,2.66,-78.347,0
1965,6,1965/6/01,13.7,32.8,2.043,-42.953,0
1965,7,1965/7/01,14.6,17,-1.533,-7.443,0
1965,8,1965/8/01,15.8,27.4,0.193,-2.15,0
1965,9,1965/9/01,9,245.5,-2.773,153.84,1
1965,10,1965/10/01,6.5,298.6,-0.187,144.167,1
1965,11,1965/11/01,0.1,285.7,-2.163,105.483,1
1965,12,1965/12/01,0.1,199,0.597,45.36,1
1966,1,1966/1/01,1.5,320.1,2.355,170.526,1
1966,2,1966/2/01,0.8,364.7,1.8,228.46,1
1966,3,1966/3/01,1.3,20.6,0.497,-121.717,0
1966,4,1966/4/01,2.5,171.9,-0.49,43.53,1
1966,5,1966/5/01,8,85.6,1.06,-42.947,0
1966,6,1966/6/01,10.6,102.3,-1.057,26.547,1
1966,7,1966/7/01,15.4,2.1,-0.733,-22.343,0
1966,8,1966/8/01,16.4,27.6,0.793,-1.95,0
1966,9,1966/9/01,14.1,78.8,2.327,-12.86,0
1966,10,1966/10/01,3.8,335.3,-2.887,180.867,1
1966,11,1966/11/01,-1.8,361,-4.063,180.783,1
1966,12,1966/12/01,0.2,30.8,0.697,-122.84,0
1967,1,1967/1/01,-0.1,112.3,0.755,-37.274,0
1967,2,1967/2/01,-0.2,71.6,0.8,-64.64,0
1967,3,1967/3/01,3.9,119.6,3.097,-22.717,0
1967,4,1967/4/01,2.2,106.1,-0.79,-22.27,0
1967,5,1967/5/01,4.2,166.8,-2.74,38.253,1
1967,6,1967/6/01,9.9,52,-1.757,-23.753,0
1967,7,1967/7/01,18.6,8.1,2.467,-16.343,0
1967,8,1967/8/01,16.1,11.9,0.493,-17.65,0
1967,9,1967/9/01,11.8,26.5,0.027,-65.16,0
1967,10,1967/10/01,8.7,117.3,2.013,-37.133,0
1967,11,1967/11/01,1.2,234.7,-1.063,54.483,1
1967,12,1967/12/01,-1.2,83.5,-0.703,-70.14,0
1968,1,1968/1/01,0,33.7,0.855,-115.874,0
1968,2,1968/2/01,-1.9,223.2,-0.9,86.96,1
1968,3,1968/3/01,-0.7,73.8,-1.503,-68.517,0
1968,4,1968/4/01,2.1,124.2,-0.89,-4.17,0
1968,5,1968/5/01,5.7,90.9,-1.24,-37.647,0
1968,6,1968/6/01,13.2,42.5,1.543,-33.253,0
1968,7,1968/7/01,15.9,9.6,-0.233,-14.843,0
1968,8,1968/8/01,14.6,23.8,-1.007,-5.75,0
1968,9,1968/9/01,10.8,36.6,-0.973,-55.06,0
1968,10,1968/10/01,11.2,93.2,4.513,-61.233,0
1968,11,1968/11/01,3.3,240.6,1.037,60.383,1
1968,12,1968/12/01,-1.2,148.5,-0.703,-5.14,0
1969,1,1969/1/01,0.7,80.3,1.555,-69.274,0
1969,2,1969/2/01,-3.3,219.2,-2.3,82.96,1
1969,3,1969/3/01,-1,229.6,-1.803,87.283,1
1969,4,1969/4/01,2.5,143,-0.49,14.63,1
1969,5,1969/5/01,5.1,268,-1.84,139.453,1
1969,6,1969/6/01,10.2,78.4,-1.457,2.647,1
1969,7,1969/7/01,17.1,10.7,0.967,-13.743,0
1969,8,1969/8/01,15.4,30,-0.207,0.45,1
1969,9,1969/9/01,7.7,162.5,-4.073,70.84,1
1969,10,1969/10/01,7.5,176.6,0.813,22.167,1
1969,11,1969/11/01,1.1,178.7,-1.163,-1.517,0
1969,12,1969/12/01,-2.9,172.4,-2.403,18.76,1
1970,1,1970/1/01,-0.3,462.6,0.555,313.026,1
1970,2,1970/2/01,-1,46.5,0,-89.74,0
1970,3,1970/3/01,-1.2,72.2,-2.003,-70.117,0
1970,4,1970/4/01,2.9,23.7,-0.09,-104.67,0
1970,5,1970/5/01,7,147.5,0.06,18.953,1
1970,6,1970/6/01,11.2,91,-0.457,15.247,1
1970,7,1970/7/01,16.9,43,0.767,18.557,1
1970,8,1970/8/01,14.6,29.1,-1.007,-0.45,0
1970,9,1970/9/01,15.2,8.4,3.427,-83.26,0
1970,10,1970/10/01,6.6,8.9,-0.087,-145.533,0
1970,11,1970/11/01,4.5,175.1,2.237,-5.117,0
1970,12,1970/12/01,-3,60.4,-2.503,-93.24,0
1971,1,1971/1/01,-1.5,171.9,-0.645,22.326,1
1971,2,1971/2/01,0.2,35.9,1.2,-100.34,0
1971,3,1971/3/01,-3.3,138.7,-4.103,-3.617,0
1971,4,1971/4/01,1.9,230.5,-1.09,102.13,1
1971,5,1971/5/01,3.5,334.9,-3.44,206.353,1
1971,6,1971/6/01,8.9,158.6,-2.757,82.847,1
1971,7,1971/7/01,14.7,29.8,-1.433,5.357,1
1971,8,1971/8/01,14.4,33.4,-1.207,3.85,1
1971,9,1971/9/01,13,14,1.227,-77.66,0
1971,10,1971/10/01,9.3,88.9,2.613,-65.533,0
1971,11,1971/11/01,-0.8,117.9,-3.063,-62.317,0
1971,12,1971/12/01,0.3,172.1,0.797,18.46,1
1972,1,1972/1/01,-4,279.9,-3.145,130.326,1
1972,2,1972/2/01,-2.6,420.1,-1.6,283.86,1
1972,3,1972/3/01,-1.3,263.4,-2.103,121.083,1
1972,4,1972/4/01,0.2,93,-2.79,-35.37,0
1972,5,1972/5/01,4.3,142.5,-2.64,13.953,1
1972,6,1972/6/01,10.6,41,-1.057,-34.753,0
1972,7,1972/7/01,15.4,1.6,-0.733,-22.843,0
1972,8,1972/8/01,14.2,26.4,-1.407,-3.15,0
1972,9,1972/9/01,7.9,189.2,-3.873,97.54,1
1972,10,1972/10/01,4.8,512,-1.887,357.567,1
1972,11,1972/11/01,2.8,256.9,0.537,76.683,1
1972,12,1972/12/01,-0.7,153.8,-0.203,0.16,1
1973,1,1973/1/01,-1.1,90.9,-0.245,-58.674,0
1973,2,1973/2/01,-2.5,80.3,-1.5,-55.94,0
1973,3,1973/3/01,0.3,65.7,-0.503,-76.617,0
1973,4,1973/4/01,3.1,29.5,0.11,-98.87,0
1973,5,1973/5/01,7,254.1,0.06,125.553,1
1973,6,1973/6/01,10.8,84.2,-0.857,8.447,1
1973,7,1973/7/01,14.2,50.7,-1.933,26.257,1
1973,8,1973/8/01,17.2,42.8,1.593,13.25,1
1973,9,1973/9/01,12,5.5,0.227,-86.16,0
1973,10,1973/10/01,6.7,68,0.013,-86.433,0
1973,11,1973/11/01,4.7,170.2,2.437,-10.017,0
1973,12,1973/12/01,-2.1,261.9,-1.603,108.26,1
1974,1,1974/1/01,0.1,150.2,0.955,0.626,1
1974,2,1974/2/01,-2.9,202.8,-1.9,66.56,1
1974,3,1974/3/01,-0.7,208.1,-1.503,65.783,1
1974,4,1974/4/01,1,86.8,-1.99,-41.57,0
1974,5,1974/5/01,7.2,61.4,0.26,-67.147,0
1974,6,1974/6/01,10.9,122.1,-0.757,46.347,1
1974,7,1974/7/01,15.8,30.4,-0.333,5.957,1
1974,8,1974/8/01,15.3,5.8,-0.307,-23.75,0
1974,9,1974/9/01,11.1,8.7,-0.673,-82.96,0
1974,10,1974/10/01,2.2,86.9,-4.487,-67.533,0
1974,11,1974/11/01,2.2,224.8,-0.063,44.583,1
1974,12,1974/12/01,4.5,18.1,4.997,-135.54,0
1975,1,1975/1/01,1.4,217.9,2.255,68.326,1
1975,2,1975/2/01,-0.1,140.6,0.9,4.36,1
1975,3,1975/3/01,-2.5,140,-3.303,-2.317,0
1975,4,1975/4/01,2.1,212.7,-0.89,84.33,1
1975,5,1975/5/01,3.9,188.6,-3.04,60.053,1
1975,6,1975/6/01,10.6,66.7,-1.057,-9.053,0
1975,7,1975/7/01,17.7,5,1.567,-19.443,0
1975,8,1975/8/01,15.1,34.4,-0.507,4.85,1
1975,9,1975/9/01,9.8,114,-1.973,22.34,1
1975,10,1975/10/01,7.5,21,0.813,-133.433,0
1975,11,1975/11/01,0.8,88.2,-1.463,-92.017,0
1975,12,1975/12/01,-2.3,119.9,-1.803,-33.74,0
1976,1,1976/1/01,2.1,43.1,2.955,-106.474,0
1976,2,1976/2/01,-1.4,70.7,-0.4,-65.54,0
1976,3,1976/3/01,1.1,103.5,0.297,-38.817,0
1976,4,1976/4/01,1,195.9,-1.99,67.53,1
1976,5,1976/5/01,9.5,80.5,2.56,-48.047,0
1976,6,1976/6/01,13.4,63.9,1.743,-11.853,0
1976,7,1976/7/01,15.2,86.6,-0.933,62.157,1
1976,8,1976/8/01,14.6,97.9,-1.007,68.35,1
1976,9,1976/9/01,9.9,197.7,-1.873,106.04,1
1976,10,1976/10/01,3.5,259.4,-3.187,104.967,1
1976,11,1976/11/01,0.9,254.7,-1.363,74.483,1
1976,12,1976/12/01,0.5,289.4,0.997,135.76,1
1977,1,1977/1/01,-1.3,180.7,-0.445,31.126,1
1977,2,1977/2/01,-0.2,231.4,0.8,95.16,1
1977,3,1977/3/01,2,80.2,1.197,-62.117,0
1977,4,1977/4/01,4.5,85.3,1.51,-43.07,0
1977,5,1977/5/01,4.2,172.8,-2.74,44.253,1
1977,6,1977/6/01,8.3,125.4,-3.357,49.647,1
1977,7,1977/7/01,10.9,121.2,-5.233,96.757,1
1977,8,1977/8/01,12.3,22,-3.307,-7.55,0
1977,9,1977/9/01,14.2,10.4,2.427,-81.26,0
1977,10,1977/10/01,7.6,231,0.913,76.567,1
1977,11,1977/11/01,2.1,63,-0.163,-117.217,0
1977,12,1977/12/01,2.1,268.4,2.597,114.76,1
1978,1,1978/1/01,-2.1,188.5,-1.245,38.926,1
1978,2,1978/2/01,-0.5,262.9,0.5,126.66,1
1978,3,1978/3/01,1.2,115.3,0.397,-27.017,0
1978,4,1978/4/01,0.6,229.9,-2.39,101.53,1
1978,5,1978/5/01,4.2,122.8,-2.74,-5.747,0
1978,6,1978/6/01,8.3,111.3,-3.357,35.547,1
1978,7,1978/7/01,15.9,0,-0.233,-24.443,0
1978,8,1978/8/01,17.4,15.1,1.793,-14.45,0
1978,9,1978/9/01,15.8,42.9,4.027,-48.76,0
1978,10,1978/10/01,7.2,43.6,0.513,-110.833,0
1978,11,1978/11/01,2.7,245.4,0.437,65.183,1
1978,12,1978/12/01,0.3,300.9,0.797,147.26,1
1979,1,1979/1/01,-0.4,272.5,0.455,122.926,1
1979,2,1979/2/01,-1.6,313.5,-0.6,177.26,1
1979,3,1979/3/01,-0.9,192.4,-1.703,50.083,1
1979,4,1979/4/01,-0.2,141,-3.19,12.63,1
1979,5,1979/5/01,7.7,51.9,0.76,-76.647,0
1979,6,1979/6/01,13.3,60.2,1.643,-15.553,0
1979,7,1979/7/01,15.7,28.4,-0.433,3.957,1
1979,8,1979/8/01,15.7,10,0.093,-19.55,0
1979,9,1979/9/01,11.9,44,0.127,-47.66,0
1979,10,1979/10/01,4.6,354.7,-2.087,200.267,1
1979,11,1979/11/01,3.9,180.5,1.637,0.283,1
1979,12,1979/12/01,1.4,142,1.897,-11.64,0
1980,1,1980/1/01,-1,89.6,-0.145,-59.974,0
1980,2,1980/2/01,1.6,151.8,2.6,15.56,1
1980,3,1980/3/01,0.3,136.4,-0.503,-5.917,0
1980,4,1980/4/01,2.5,132.4,-0.49,4.03,1
1980,5,1980/5/01,4.2,204.7,-2.74,76.153,1
1980,6,1980/6/01,10.8,34.4,-0.857,-41.353,0
1980,7,1980/7/01,14.8,13.7,-1.333,-10.743,0
1980,8,1980/8/01,17.4,42.6,1.793,13.05,1
1980,9,1980/9/01,15.3,13.1,3.527,-78.56,0
1980,10,1980/10/01,7,110.1,0.313,-44.333,0
1980,11,1980/11/01,2.2,112.8,-0.063,-67.417,0
1980,12,1980/12/01,-1.5,183.6,-1.003,29.96,1
1981,1,1981/1/01,0.9,36.3,1.755,-113.274,0
1981,2,1981/2/01,-1,98.3,0,-37.94,0
1981,3,1981/3/01,3,117.1,2.197,-25.217,0
1981,4,1981/4/01,2,229.1,-0.99,100.73,1
1981,5,1981/5/01,5,113.2,-1.94,-15.347,0
1981,6,1981/6/01,14.3,57.8,2.643,-17.953,0
1981,7,1981/7/01,15.3,27.2,-0.833,2.757,1
1981,8,1981/8/01,16.3,53.9,0.693,24.35,1
1981,9,1981/9/01,12.8,85.3,1.027,-6.36,0
1981,10,1981/10/01,7.5,20.1,0.813,-134.333,0
1981,11,1981/11/01,6.6,1.5,4.337,-178.717,0
1981,12,1981/12/01,0,377.7,0.497,224.06,1
1982,1,1982/1/01,0.5,86,1.355,-63.574,0
1982,2,1982/2/01,0.3,111.8,1.3,-24.44,0
1982,3,1982/3/01,1,31,0.197,-111.317,0
1982,4,1982/4/01,4.4,66.5,1.41,-61.87,0
1982,5,1982/5/01,8.2,167.7,1.26,39.153,1
1982,6,1982/6/01,12.4,64,0.743,-11.753,0
1982,7,1982/7/01,16,55,-0.133,30.557,1
1982,8,1982/8/01,16.1,6.5,0.493,-23.05,0
1982,9,1982/9/01,11.8,98.8,0.027,7.14,1
1982,10,1982/10/01,5.3,96,-1.387,-58.433,0
1982,11,1982/11/01,2,268.2,-0.263,87.983,1
1982,12,1982/12/01,-0.7,118,-0.203,-35.64,0
1983,1,1983/1/01,3.6,10.6,4.455,-138.974,0
1983,2,1983/2/01,-2.5,43.7,-1.5,-92.54,0
1983,3,1983/3/01,3.6,29.3,2.797,-113.017,0
1983,4,1983/4/01,1.2,230.2,-1.79,101.83,1
1983,5,1983/5/01,3.8,104.7,-3.14,-23.847,0
1983,6,1983/6/01,13.6,43.5,1.943,-32.253,0
1983,7,1983/7/01,16,11.5,-0.133,-12.943,0
1983,8,1983/8/01,13.3,76.5,-2.307,46.95,1
1983,9,1983/9/01,15,16.6,3.227,-75.06,0
1983,10,1983/10/01,9.3,34.2,2.613,-120.233,0
1983,11,1983/11/01,5.1,262.7,2.837,82.483,1
1983,12,1983/12/01,2.7,110.5,3.197,-43.14,0
1984,1,1984/1/01,-1.2,243.3,-0.345,93.726,1
1984,2,1984/2/01,-1.7,88,-0.7,-48.24,0
1984,3,1984/3/01,-1.6,136.4,-2.403,-5.917,0
1984,4,1984/4/01,6.2,131.6,3.21,3.23,1
1984,5,1984/5/01,1,248.2,-5.94,119.653,1
1984,6,1984/6/01,10.9,106.3,-0.757,30.547,1
1984,7,1984/7/01,18,2,1.867,-22.443,0
1984,8,1984/8/01,14.5,24.6,-1.107,-4.95,0
1984,9,1984/9/01,11.7,22.2,-0.073,-69.46,0
1984,10,1984/10/01,7.4,77.5,0.713,-76.933,0
1984,11,1984/11/01,2.3,500.4,0.037,320.183,1
1984,12,1984/12/01,0,58.7,0.497,-94.94,0
1985,1,1985/1/01,-3.7,143.5,-2.845,-6.074,0
1985,2,1985/2/01,1.4,98.6,2.4,-37.64,0
1985,3,1985/3/01,-1.2,121.7,-2.003,-20.617,0
1985,4,1985/4/01,4.4,111,1.41,-17.37,0
1985,5,1985/5/01,4.8,108,-2.14,-20.547,0
1985,6,1985/6/01,12.4,26,0.743,-49.753,0
1985,7,1985/7/01,17.7,7.5,1.567,-16.943,0
1985,8,1985/8/01,16.8,0,1.193,-29.55,0
1985,9,1985/9/01,16.4,29.7,4.627,-61.96,0
1985,10,1985/10/01,10,8,3.313,-146.433,0
1985,11,1985/11/01,1.5,120.3,-0.763,-59.917,0
1985,12,1985/12/01,2,160,2.497,6.36,1
1986,1,1986/1/01,-2.2,96,-1.345,-53.574,0
1986,2,1986/2/01,-2.6,139.9,-1.6,3.66,1
1986,3,1986/3/01,0.5,58.7,-0.303,-83.617,0
1986,4,1986/4/01,-1.2,127.3,-4.19,-1.07,0
1986,5,1986/5/01,9.7,25.5,2.76,-103.047,0
1986,6,1986/6/01,13.3,1,1.643,-74.753,0
1986,7,1986/7/01,17.9,10,1.767,-14.443,0
1986,8,1986/8/01,15.5,12.5,-0.107,-17.05,0
1986,9,1986/9/01,12.6,86,0.827,-5.66,0
1986,10,1986/10/01,7.9,254.5,1.213,100.067,1
1986,11,1986/11/01,3.6,99.5,1.337,-80.717,0
1986,12,1986/12/01,0.1,96.3,0.597,-57.34,0
1987,1,1987/1/01,-1.5,179,-0.645,29.426,1
1987,2,1987/2/01,-1.1,186.5,-0.1,50.26,1
1987,3,1987/3/01,2.8,35.5,1.997,-106.817,0
1987,4,1987/4/01,4.7,117,1.71,-11.37,0
1987,5,1987/5/01,7.6,53.5,0.66,-75.047,0
1987,6,1987/6/01,12.1,62.5,0.443,-13.253,0
1987,7,1987/7/01,14.6,78.5,-1.533,54.057,1
1987,8,1987/8/01,17.7,13.5,2.093,-16.05,0
1987,9,1987/9/01,15.8,57,4.027,-34.66,0
1987,10,1987/10/01,5,206,-1.687,51.567,1
1987,11,1987/11/01,2.1,147.5,-0.163,-32.717,0
1987,12,1987/12/01,3.1,270,3.597,116.36,1
1988,1,1988/1/01,-0.2,243.2,0.655,93.626,1
1988,2,1988/2/01,-1.1,31.3,-0.1,-104.94,0
1988,3,1988/3/01,2,31.5,1.197,-110.817,0
1988,4,1988/4/01,2.6,216,-0.39,87.63,1
1988,5,1988/5/01,6,158.6,-0.94,30.053,1
1988,6,1988/6/01,9,253,-2.657,177.247,1
1988,7,1988/7/01,16,65.9,-0.133,41.457,1
1988,8,1988/8/01,18.3,0.2,2.693,-29.35,0
1988,9,1988/9/01,14.8,16.8,3.027,-74.86,0
1988,10,1988/10/01,9.1,140,2.413,-14.433,0
1988,11,1988/11/01,4.6,151.3,2.337,-28.917,0
1988,12,1988/12/01,2.4,13.5,2.897,-140.14,0
1989,1,1989/1/01,0.8,25.8,1.655,-123.774,0
1989,2,1989/2/01,0.4,116.1,1.4,-20.14,0
1989,3,1989/3/01,4,82.3,3.197,-60.017,0
1989,4,1989/4/01,-0.3,162.8,-3.29,34.43,1
1989,5,1989/5/01,9.7,117.1,2.76,-11.447,0
1989,6,1989/6/01,13,69.7,1.343,-6.053,0
1989,7,1989/7/01,18.6,34,2.467,9.557,1
1989,8,1989/8/01,17.6,35.1,1.993,5.55,1
1989,9,1989/9/01,11.7,44.2,-0.073,-47.46,0
1989,10,1989/10/01,9.1,43.3,2.413,-111.133,0
1989,11,1989/11/01,2.4,480.9,0.137,300.683,1
1989,12,1989/12/01,1.1,299.9,1.597,146.26,1
1990,1,1990/1/01,-1,78.2,-0.145,-71.374,0
1990,2,1990/2/01,3.7,5.8,4.7,-130.44,0
1990,3,1990/3/01,3.2,37,2.397,-105.317,0
1990,4,1990/4/01,0.5,105.1,-2.49,-23.27,0
1990,5,1990/5/01,8.9,19.5,1.96,-109.047,0
1990,6,1990/6/01,13.8,21.1,2.143,-54.653,0
1990,7,1990/7/01,18.1,62.9,1.967,38.457,1
1990,8,1990/8/01,17.9,9.6,2.293,-19.95,0
1990,9,1990/9/01,14.5,72.9,2.727,-18.76,0
1990,10,1990/10/01,6.3,153.8,-0.387,-0.633,0
1990,11,1990/11/01,2.6,137.6,0.337,-42.617,0
1990,12,1990/12/01,-0.3,102.2,0.197,-51.44,0
1991,1,1991/1/01,-1.6,30.4,-0.745,-119.174,0
1991,2,1991/2/01,-2.3,146.1,-1.3,9.86,1
1991,3,1991/3/01,1,152.7,0.197,10.383,1
1991,4,1991/4/01,1.8,82.8,-1.19,-45.57,0
1991,5,1991/5/01,5.6,106.5,-1.34,-22.047,0
1991,6,1991/6/01,13.9,9.2,2.243,-66.553,0
1991,7,1991/7/01,17.3,10.5,1.167,-13.943,0
1991,8,1991/8/01,19.1,0,3.493,-29.55,0
1991,9,1991/9/01,13.4,89,1.627,-2.66,0
1991,10,1991/10/01,4.5,152.5,-2.187,-1.933,0
1991,11,1991/11/01,2.3,103.1,0.037,-77.117,0
1991,12,1991/12/01,2.6,20.5,3.097,-133.14,0
1992,1,1992/1/01,-1.4,20.1,-0.545,-129.474,0
1992,2,1992/2/01,2.5,23.5,3.5,-112.74,0
1992,3,1992/3/01,2.9,42.8,2.097,-99.517,0
1992,4,1992/4/01,4.4,91.8,1.41,-36.57,0
1992,5,1992/5/01,9.8,117.3,2.86,-11.247,0
1992,6,1992/6/01,7.9,150.1,-3.757,74.347,1
1992,7,1992/7/01,16.8,19.2,0.667,-5.243,0
1992,8,1992/8/01,16.4,47.6,0.793,18.05,1
1992,9,1992/9/01,12.6,57.6,0.827,-34.06,0
1992,10,1992/10/01,3.5,238,-3.187,83.567,1
1992,11,1992/11/01,5.8,28.4,3.537,-151.817,0
1992,12,1992/12/01,-0.3,137.9,0.197,-15.74,0
1993,1,1993/1/01,3,12.1,3.855,-137.474,0
1993,2,1993/2/01,-1.2,28.1,-0.2,-108.14,0
1993,3,1993/3/01,1.6,60.3,0.797,-82.017,0
1993,4,1993/4/01,2.2,94.9,-0.79,-33.47,0
1993,5,1993/5/01,5.5,135,-1.44,6.453,1
1993,6,1993/6/01,11.6,119.5,-0.057,43.747,1
1993,7,1993/7/01,15.9,7.4,-0.233,-17.043,0
1993,8,1993/8/01,16.5,8.2,0.893,-21.35,0
1993,9,1993/9/01,8.9,44.2,-2.873,-47.46,0
1993,10,1993/10/01,2.2,357.1,-4.487,202.667,1
1993,11,1993/11/01,2.3,159.3,0.037,-20.917,0
1993,12,1993/12/01,1.4,36.3,1.897,-117.34,0
1994,1,1994/1/01,-1,105.6,-0.145,-43.974,0
1994,2,1994/2/01,-1,108.7,0,-27.54,0
1994,3,1994/3/01,5.8,21.6,4.997,-120.717,0
1994,4,1994/4/01,1.6,22.9,-1.39,-105.47,0
1994,5,1994/5/01,7.4,214.8,0.46,86.253,1
1994,6,1994/6/01,13.2,2.2,1.543,-73.553,0
1994,7,1994/7/01,19.2,43.3,3.067,18.857,1
1994,8,1994/8/01,17.9,3.9,2.293,-25.65,0
1994,9,1994/9/01,8.9,26,-2.873,-65.66,0
1994,10,1994/10/01,7.2,127.2,0.513,-27.233,0
1994,11,1994/11/01,6.1,111,3.837,-69.217,0
1994,12,1994/12/01,1.4,52.6,1.897,-101.04,0
1995,1,1995/1/01,-1.2,61.9,-0.345,-87.674,0
1995,2,1995/2/01,2.1,90.2,3.1,-46.04,0
1995,3,1995/3/01,2.8,58,1.997,-84.317,0
1995,4,1995/4/01,5.8,58.4,2.81,-69.97,0
1995,5,1995/5/01,9.3,54.9,2.36,-73.647,0
1995,6,1995/6/01,13.5,52.4,1.843,-23.353,0
1995,7,1995/7/01,17.6,14.3,1.467,-10.143,0
1995,8,1995/8/01,17,43,1.393,13.45,1
1995,9,1995/9/01,8.8,66.2,-2.973,-25.46,0
1995,10,1995/10/01,9.6,32.1,2.913,-122.333,0
1995,11,1995/11/01,4.2,223.5,1.937,43.283,1
1995,12,1995/12/01,0.1,254.2,0.597,100.56,1
1996,1,1996/1/01,-0.8,559,0.055,409.426,1
1996,2,1996/2/01,-2.5,162.5,-1.5,26.26,1
1996,3,1996/3/01,0.6,101.6,-0.203,-40.717,0
1996,4,1996/4/01,4.1,107.7,1.11,-20.67,0
1996,5,1996/5/01,6.5,221.5,-0.44,92.953,1
1996,6,1996/6/01,13.9,15.5,2.243,-60.253,0
1996,7,1996/7/01,16.2,22.9,0.067,-1.543,0
1996,8,1996/8/01,14.8,21.2,-0.807,-8.35,0
1996,9,1996/9/01,10,88.5,-1.773,-3.16,0
1996,10,1996/10/01,7.5,93.8,0.813,-60.633,0
1996,11,1996/11/01,3,163.2,0.737,-17.017,0
1996,12,1996/12/01,-0.1,453.6,0.397,299.96,1
1997,1,1997/1/01,-1.4,270,-0.545,120.426,1
1997,2,1997/2/01,3.7,11.6,4.7,-124.64,0
1997,3,1997/3/01,7.4,0,6.597,-142.317,0
1997,4,1997/4/01,7.8,87.2,4.81,-41.17,0
1997,5,1997/5/01,6.9,170.2,-0.04,41.653,1
1997,6,1997/6/01,9.6,111.5,-2.057,35.747,1
1997,7,1997/7/01,14.3,59,-1.833,34.557,1
1997,8,1997/8/01,16.3,23.4,0.693,-6.15,0
1997,9,1997/9/01,14.7,73.9,2.927,-17.76,0
1997,10,1997/10/01,9.2,113.4,2.513,-41.033,0
1997,11,1997/11/01,2,416.2,-0.263,235.983,1
1997,12,1997/12/01,1,283.9,1.497,130.26,1
1998,1,1998/1/01,-0.3,211.6,0.555,62.026,1
1998,2,1998/2/01,3.7,23.9,4.7,-112.34,0
1998,3,1998/3/01,5.2,50.6,4.397,-91.717,0
1998,4,1998/4/01,0.4,191.8,-2.59,63.43,1
1998,5,1998/5/01,6.3,226.5,-0.64,97.953,1
1998,6,1998/6/01,13.7,43.3,2.043,-32.453,0
1998,7,1998/7/01,17.6,32.1,1.467,7.657,1
1998,8,1998/8/01,18.6,21.7,2.993,-7.85,0
1998,9,1998/9/01,11.7,126.2,-0.073,34.54,1
1998,10,1998/10/01,7.1,39,0.413,-115.433,0
1998,11,1998/11/01,2.2,88.5,-0.063,-91.717,0
1998,12,1998/12/01,1.7,134.9,2.197,-18.74,0
1999,1,1999/1/01,-0.6,75.1,0.255,-74.474,0
1999,2,1999/2/01,-1.4,53.2,-0.4,-83.04,0
1999,3,1999/3/01,1.2,79.9,0.397,-62.417,0
1999,4,1999/4/01,4.2,81.8,1.21,-46.57,0
1999,5,1999/5/01,8.8,122.8,1.86,-5.747,0
1999,6,1999/6/01,13.6,22.3,1.943,-53.453,0
1999,7,1999/7/01,18.5,41.7,2.367,17.257,1
1999,8,1999/8/01,17.3,9.4,1.693,-20.15,0
1999,9,1999/9/01,11.7,129.4,-0.073,37.74,1
1999,10,1999/10/01,7.2,213,0.513,58.567,1
1999,11,1999/11/01,0.5,85.8,-1.763,-94.417,0
1999,12,1999/12/01,0.8,131.6,1.297,-22.04,0
2000,1,2000/1/01,-0.1,54.9,0.755,-94.674,0
2000,2,2000/2/01,4.2,15.3,5.2,-120.94,0
2000,3,2000/3/01,3.7,82.7,2.897,-59.617,0
2000,4,2000/4/01,0.5,374.6,-2.49,246.23,1
2000,5,2000/5/01,9.2,144.4,2.26,15.853,1
2000,6,2000/6/01,14.4,42,2.743,-33.753,0
2000,7,2000/7/01,15.4,27.3,-0.733,2.857,1
2000,8,2000/8/01,16.3,3.5,0.693,-26.05,0
2000,9,2000/9/01,13.8,28.6,2.027,-63.06,0
2000,10,2000/10/01,6.7,118.1,0.013,-36.333,0
2000,11,2000/11/01,0.7,308,-1.563,127.783,1
2000,12,2000/12/01,0.8,243.1,1.297,89.46,1
2001,1,2001/1/01,-0.8,265.8,0.055,116.226,1
2001,2,2001/2/01,0.2,139.1,1.2,2.86,1
2001,3,2001/3/01,3.1,191.6,2.297,49.283,1
2001,4,2001/4/01,3.9,28.7,0.91,-99.67,0
2001,5,2001/5/01,8.2,98,1.26,-30.547,0
2001,6,2001/6/01,15.5,26,3.843,-49.753,0
2001,7,2001/7/01,15.5,21.4,-0.633,-3.043,0
2001,8,2001/8/01,17.3,25.3,1.693,-4.25,0
2001,9,2001/9/01,12.8,57.8,1.027,-33.86,0
2001,10,2001/10/01,8.6,200.5,1.913,46.067,1
2001,11,2001/11/01,0.5,39.3,-1.763,-140.917,0
2001,12,2001/12/01,0.8,35.4,1.297,-118.24,0
2002,1,2002/1/01,1.2,108.5,2.055,-41.074,0
2002,2,2002/2/01,2.2,39.7,3.2,-96.54,0
2002,3,2002/3/01,3,133.5,2.197,-8.817,0
2002,4,2002/4/01,4.7,118.4,1.71,-9.97,0
2002,5,2002/5/01,6.2,79.4,-0.74,-49.147,0
2002,6,2002/6/01,14.9,63.7,3.243,-12.053,0
2002,7,2002/7/01,16.1,6.2,-0.033,-18.243,0
2002,8,2002/8/01,15,117.1,-0.607,87.55,1
2002,9,2002/9/01,11.2,137.5,-0.573,45.84,1
2002,10,2002/10/01,7.2,171.4,0.513,16.967,1
2002,11,2002/11/01,1.8,229.7,-0.463,49.483,1
2002,12,2002/12/01,0.8,253.1,1.297,99.46,1
2003,1,2003/1/01,-2.4,146,-1.545,-3.574,0
2003,2,2003/2/01,-2.2,164,-1.2,27.76,1
2003,3,2003/3/01,3.8,120.3,2.997,-22.017,0
2003,4,2003/4/01,4.1,98.8,1.11,-29.57,0
2003,5,2003/5/01,9.2,88.9,2.26,-39.647,0
2003,6,2003/6/01,16.7,15.3,5.043,-60.453,0
2003,7,2003/7/01,17.9,0,1.767,-24.443,0
2003,8,2003/8/01,19.5,35.9,3.893,6.35,1
2003,9,2003/9/01,13.7,69.9,1.927,-21.76,0
2003,10,2003/10/01,5.5,278.4,-1.187,123.967,1
2003,11,2003/11/01,3.4,270.1,1.137,89.883,1
2003,12,2003/12/01,-0.1,232.9,0.397,79.26,1
2004,1,2004/1/01,0.5,103.1,1.355,-46.474,0
2004,2,2004/2/01,1.2,125.5,2.2,-10.74,0
2004,3,2004/3/01,0.6,153.1,-0.203,10.783,1
2004,4,2004/4/01,2.8,79.4,-0.19,-48.97,0
2004,5,2004/5/01,5.8,215.8,-1.14,87.253,1
2004,6,2004/6/01,15.8,24.1,4.143,-51.653,0
2004,7,2004/7/01,17.2,2.7,1.067,-21.743,0
2004,8,2004/8/01,15.7,73,0.093,43.45,1
2004,9,2004/9/01,14.7,21,2.927,-70.66,0
2004,10,2004/10/01,7.2,267.3,0.513,112.867,1
2004,11,2004/11/01,3.3,65.6,1.037,-114.617,0
2004,12,2004/12/01,-0.7,118.4,-0.203,-35.24,0
2005,1,2005/1/01,0,19.3,0.855,-130.274,0
2005,2,2005/2/01,-4.2,139,-3.2,2.76,1
2005,3,2005/3/01,1.8,64.4,0.997,-77.917,0
2005,4,2005/4/01,4.2,78,1.21,-50.37,0
2005,5,2005/5/01,10.1,65.8,3.16,-62.747,0
2005,6,2005/6/01,15.8,82.1,4.143,6.347,1
2005,7,2005/7/01,17.9,0,1.767,-24.443,0
2005,8,2005/8/01,17.8,27,2.193,-2.55,0
2005,9,2005/9/01,12.7,20.8,0.927,-70.86,0
2005,10,2005/10/01,7.8,303.6,1.113,149.167,1
2005,11,2005/11/01,0.6,119.6,-1.663,-60.617,0
2005,12,2005/12/01,-0.7,135.2,-0.203,-18.44,0
2006,1,2006/1/01,-1.7,48.9,-0.845,-100.674,0
2006,2,2006/2/01,-0.3,146.5,0.7,10.26,1
2006,3,2006/3/01,2.1,173.4,1.297,31.083,1
2006,4,2006/4/01,5.9,95.6,2.91,-32.77,0
2006,5,2006/5/01,11,60.5,4.06,-68.047,0
2006,6,2006/6/01,15.3,91.4,3.643,15.647,1
2006,7,2006/7/01,19.1,7.1,2.967,-17.343,0
2006,8,2006/8/01,16.2,21.7,0.593,-7.85,0
2006,9,2006/9/01,13.7,92.8,1.927,1.14,1
2006,10,2006/10/01,9,354.7,2.313,200.267,1
2006,11,2006/11/01,4.9,361.6,2.637,181.383,1
2006,12,2006/12/01,0.1,98.3,0.597,-55.34,0
2007,1,2007/1/01,1.6,69.4,2.455,-80.174,0
2007,2,2007/2/01,0.7,143.6,1.7,7.36,1
2007,3,2007/3/01,1,78.8,0.197,-63.517,0
2007,4,2007/4/01,4.6,162,1.61,33.63,1
2007,5,2007/5/01,7.4,143.3,0.46,14.753,1
2007,6,2007/6/01,11.5,91.9,-0.157,16.147,1
2007,7,2007/7/01,16,0.6,-0.133,-23.843,0
2007,8,2007/8/01,15.3,27.7,-0.307,-1.85,0
2007,9,2007/9/01,13.6,15,1.827,-76.66,0
2007,10,2007/10/01,7.6,101,0.913,-53.433,0
2007,11,2007/11/01,4.6,77.7,2.337,-102.517,0
2007,12,2007/12/01,0.7,65.3,1.197,-88.34,0
2008,1,2008/1/01,2.3,79,3.155,-70.574,0
2008,2,2008/2/01,2.2,91.2,3.2,-45.04,0
2008,3,2008/3/01,1.2,68.8,0.397,-73.517,0
2008,4,2008/4/01,4.6,277.2,1.61,148.83,1
2008,5,2008/5/01,6.6,225.4,-0.34,96.853,1
2008,6,2008/6/01,12.4,72.9,0.743,-2.853,0
2008,7,2008/7/01,15.9,19.3,-0.233,-5.143,0
2008,8,2008/8/01,16.9,6.2,1.293,-23.35,0
2008,9,2008/9/01,11.6,82.5,-0.173,-9.16,0
2008,10,2008/10/01,6.7,213.4,0.013,58.967,1
2008,11,2008/11/01,-0.3,70.9,-2.563,-109.317,0
2008,12,2008/12/01,-0.6,172.3,-0.103,18.66,1
2009,1,2009/1/01,-2.2,216.2,-1.345,66.626,1
2009,2,2009/2/01,0.6,133.2,1.6,-3.04,0
2009,3,2009/3/01,4.3,101.3,3.497,-41.017,0
2009,4,2009/4/01,2.7,114.6,-0.29,-13.77,0
2009,5,2009/5/01,10.4,38.9,3.46,-89.647,0
2009,6,2009/6/01,14.7,46.5,3.043,-29.253,0
2009,7,2009/7/01,17.5,10,1.367,-14.443,0
2009,8,2009/8/01,19.5,3,3.893,-26.55,0
2009,9,2009/9/01,13.3,15.7,1.527,-75.96,0
2009,10,2009/10/01,10.8,103.1,4.113,-51.333,0
2009,11,2009/11/01,3.4,93.7,1.137,-86.517,0
2009,12,2009/12/01,-0.3,198.4,0.197,44.76,1
2010,1,2010/1/01,-2.4,114.4,-1.545,-35.174,0
2010,2,2010/2/01,-2.3,172.6,-1.3,36.36,1
2010,3,2010/3/01,-0.5,99.5,-1.303,-42.817,0
2010,4,2010/4/01,5.9,69.4,2.91,-58.97,0
2010,5,2010/5/01,6.3,88.9,-0.64,-39.647,0
2010,6,2010/6/01,12,119.2,0.343,43.447,1
2010,7,2010/7/01,19,6.1,2.867,-18.343,0
2010,8,2010/8/01,17.9,30.1,2.293,0.55,1
2010,9,2010/9/01,13.1,33.6,1.327,-58.06,0
2010,10,2010/10/01,6.7,161.2,0.013,6.767,1
2010,11,2010/11/01,0.4,105.7,-1.863,-74.517,0
2010,12,2010/12/01,0.1,228.4,0.597,74.76,1
